{
  "features": [
    "SiO2",
    "Al2O3",
    "CaO",
    "MgO",
    "Na2O",
    "Li2O",
    "F",
    "B2O3",
    "TiO2",
    "MnO",
    "Fe2O3",
    "BaO",
    "R"
  ],
  "T_hem": {
    "n": 694,
    "r2": 0.6970681014569299,
    "mae": 29.83845634404896
  },
  "viscosity": {
    "n": 643,
    "r2": 0.7353118556016663,
    "mae": 0.0475364126458033
  }
}